ID;Tipo;Texto;;;;;;;;;
1;spam;Las mejores oportunidades de comprar barato ya estÃ¡n aquÃ­ y Los mejores tips para hacer una buena comprar;;;;;;;;;
2;spam;Las mejores oportunidades de comprar barato ya estÃ¡n aquÃ­ y GuÃ­a completa para hacer una comprar exitosa;;;;;;;;;
3;spam;Precios barato en todo lo que buscas y Los mejores tips para hacer una buena comprar;;;;;;;;;
4;spam;Precios barato en todo lo que buscas y GuÃ­a completa para hacer una comprar exitosa;;;;;;;;;
5;spam;Aprovecha los precios barato antes de que se acaben y GuÃ­a completa para hacer una comprar exitosa;;;;;;;;;
6;spam;Aprovecha los precios barato antes de que se acaben y GuÃ­a completa para hacer una comprar exitosa;;;;;;;;;
7;spam;Descubre cÃ³mo conseguir precios barato hoy y Consejos para comprar inteligentemente y ahorrar;;;;;;;;;
8;spam;Las mejores oportunidades de comprar barato ya estÃ¡n aquÃ­ y GuÃ­a completa para hacer una comprar exitosa;;;;;;;;;
9;spam;Descubre cÃ³mo conseguir precios barato hoy y GuÃ­a completa para hacer una comprar exitosa;;;;;;;;;
10;spam;Aprovecha los precios barato antes de que se acaben y comprar lo que necesitas al mejor precio;;;;;;;;;
11;spam;Aprovecha los precios barato antes de que se acaben y Los mejores tips para hacer una buena comprar;;;;;;;;;
12;spam;Ofertas barato que no te puedes perder y comprar hoy y ahorra mÃ¡s con estas ofertas;;;;;;;;;
13;spam;Los mejores tips para hacer una buena comprar;;;;;;;;;
14;spam;comprar lo que necesitas al mejor precio;;;;;;;;;
15;spam;Los mejores tips para hacer una buena comprar;;;;;;;;;
16;spam;Precios barato en todo lo que buscas;;;;;;;;;
17;spam;Ofertas barato que no te puedes perder;;;;;;;;;
18;spam;Precios barato en todo lo que buscas;;;;;;;;;
19;spam;Aprovecha los precios barato antes de que se acaben;;;;;;;;;
20;spam;Descubre cÃ³mo conseguir precios barato hoy;;;;;;;;;
21;spam;Descubre cÃ³mo conseguir precios barato hoy;;;;;;;;;
22;spam;Descubre cÃ³mo conseguir precios barato hoy;;;;;;;;;
23;spam;Ofertas barato que no te puedes perder;;;;;;;;;
24;spam;Novedades exclusivas solo para ti;;;;;;;;;
25;spam;Novedades exclusivas solo para ti;;;;;;;;;
26;no spam;Ofertas barato que no te puedes perder;;;;;;;;;
27;no spam;Ofertas barato que no te puedes perder;;;;;;;;;
28;no spam;Descubre cÃ³mo conseguir precios barato hoy;;;;;;;;;
29;no spam;Las mejores oportunidades de comprar  ya estÃ¡n aquÃ­;;;;;;;;;
30;no spam;Precios barato en todo lo que buscas;;;;;;;;;
31;no spam;Consejos para comprar inteligentemente y ahorrar;;;;;;;;;
32;no spam;GuÃ­a completa para hacer una comprar exitosa;;;;;;;;;
33;no spam;Los mejores tips para hacer una buena comprar;;;;;;;;;
34;no spam;Los mejores tips para hacer una buena comprar;;;;;;;;;
35;no spam;Tu cuenta será desactivada ;;;;;;;;;
36;no spam;Aquí comprar lo que necesitas al mejor precio;;;;;;;;;
37;no spam;GuÃ­a completa para hacer una comprar exitosa;;;;;;;;;
38;no spam;Los mejores tips para hacer una buena comprar;;;;;;;;;
39;no spam;Los mejores tips para hacer una buena comprar;;;;;;;;;
40;no spam;Consejos para comprar inteligentemente y ahorrar;;;;;;;;;
41;no spam;Novedades exclusivas solo para ti;;;;;;;;;
42;no spam;Explora las mejores ofertas del mes barato;;;;;;;;;
43;no spam;Nuevos productos disponibles, entra y mira;;;;;;;;; 
44;no spam;Reunión de seguimiento del proyecto a las 10 AM;;;;;;;;; 
45;no spam;Actualización de políticas de trabajo remoto;;;;;;;;; 
46;no spam;Informe mensual de desempeño disponible;;;;;;;;; 
47;no spam;Recordatorio: Fecha límite de presentación del informe;;;;;;;;; 
48;no spam;Invitación a la conferencia anual de liderazgo;;;;;;;;; 
49;no spam;Oportunidad de capacitación en habilidades de gestión;;;;;;;;; 
50;no spam;Confirmación de la entrevista para el puesto de gerente;;;;;;;;; 
51;no spam;Nuevo procedimiento para solicitudes de vacaciones;;;;;;;;; 
52;no spam;Cambios en el horario de trabajo del equipo;;;;;;;;; 
53;no spam;Revisión trimestral de objetivos y metas;;;;;;;;; 
54;no spam;Nuevo formato para informes de rendimiento;;;;;;;;; 
55;no spam;Reunión estratégica: planificación del tercer trimestre;;;;;;;;; 
56;no spam;Nuevas vacantes disponibles en el departamento de ventas;;;;;;;;; 
57;no spam;Participa en la encuesta de satisfacción laboral;;;;;;;;; 
58;no spam;Invitación a la sesión de brainstorming del equipo;;;;;;;;; 
59;no spam;Cambio en las políticas de beneficios para empleados;;;;;;;;; 
60;no spam;Detalles sobre la reunión global de empleados;;;;;;;;; 
61;no spam;Nueva herramienta de gestión de proyectos disponible;;;;;;;;; 
62;no spam;Recordatorio: Evaluación de desempeño anual;;;;;;;;; 
63;no spam;Calendario actualizado para capacitaciones de personal;;;;;;;;; 
64;no spam;Inscripción abierta para el próximo taller de desarrollo profesional;;;;;;;;; 
65;no spam;Resultados del examen final ahora disponibles;;;;;;;;; 
66;no spam;Guía para la asignación de tareas en el aula virtual;;;;;;;;; 
67;no spam;Seminario de innovación educativa: ¡No te lo pierdas!;;;;;;;;; 
68;no spam;Taller de aprendizaje basado en proyectos: Inscríbete ahora;;;;;;;;; 
69;no spam;Actualización del calendario académico 2024;;;;;;;;; 
70;no spam;Consejos para mejorar tu método de estudio;;;;;;;;; 
71;no spam;Nuevas oportunidades de becas para estudiantes destacados;;;;;;;;; 
72;no spam;Recordatorio: Fecha límite para la entrega de trabajos;;;;;;;;; 
73;no spam;Curso en línea sobre pensamiento computacional;;;;;;;;; 
74;no spam;Consulta las notas finales del semestre;;;;;;;;; 
75;no spam;Convocatoria para el programa de mentorías estudiantiles;;;;;;;;; 
76;no spam;Participa en el concurso de innovación educativa;;;;;;;;; 
77;no spam;Reunión de padres: cómo apoyar el aprendizaje en casa;;;;;;;;; 
78;no spam;Taller de orientación para nuevos estudiantes;;;;;;;;; 
79;no spam;Inscripción abierta para el curso de habilidades tecnológicas;;;;;;;;; 
80;no spam;Convocatoria para el club de robótica escolar;;;;;;;;; 
81;no spam;Fechas para la presentación de proyectos de fin de curso;;;;;;;;; 
82;no spam;Cómo usar herramientas digitales en el aula;;;;;;;;; 
83;no spam;Invitación al foro sobre equidad en la educación;;;;;;;;; 
84;no spam;Actualiza tu perfil para mejorar tu visibilidad;;;;;;;;; 
85;no spam;Nuevas funciones disponibles en tu cuenta de redes;;;;;;;;; 
86;no spam;Cómo crear contenido impactante en redes sociales;;;;;;;;; 
87;no spam;Descubre las tendencias más recientes en Instagram;;;;;;;;; 
88;no spam;Tu publicación ha alcanzado 1,000 interacciones;;;;;;;;; 
89;no spam;Crea anuncios personalizados para tu público;;;;;;;;; 
90;no spam;Mejora tu estrategia de marketing en redes sociales;;;;;;;;; 
91;no spam;Cómo ganar seguidores orgánicos de manera efectiva;;;;;;;;; 
92;no spam;Novedades en las herramientas de gestión de redes;;;;;;;;; 
93;no spam;Mejora la seguridad de tu cuenta con estos consejos;;;;;;;;;
94;no spam;Novedades exclusivas solo para ti;;;;;;;;;
95;no spam;Descubre nuestras Ãºltimas novedades;;;;;;;;;
96;no spam;Novedades exclusivas solo para ti;;;;;;;;;
97;no spam;Explora las mejores ofertas del mes;;;;;;;;;
98;no spam;Explora las mejores ofertas del mes;;;;;;;;;
99;no spam;Explora las mejores ofertas del mes;;;;;;;;;
100;no spam;Nuevos productos disponibles, entra y mira;;;;;;;;;
